{
    "_id": "AVRO-1299", 
    "changelog": {
        "histories": [
            {
                "author": {
                    "active": true, 
                    "avatarUrls": {
                        "16x16": "https://issues.apache.org/jira/secure/useravatar?size=small&ownerId=kryzthov&avatarId=16188", 
                        "48x48": "https://issues.apache.org/jira/secure/useravatar?ownerId=kryzthov&avatarId=16188"
                    }, 
                    "displayName": "Christophe Taton", 
                    "emailAddress": "taton@apache.org", 
                    "name": "kryzthov", 
                    "self": "https://issues.apache.org/jira/rest/api/2/user?username=kryzthov"
                }, 
                "created": "2013-04-17T05:24:30.698+0000", 
                "id": "13701347", 
                "items": [
                    {
                        "field": "status", 
                        "fieldtype": "jira", 
                        "from": "1", 
                        "fromString": "Open", 
                        "to": "10002", 
                        "toString": "Patch Available"
                    }, 
                    {
                        "field": "Fix Version", 
                        "fieldtype": "jira", 
                        "from": null, 
                        "fromString": null, 
                        "to": "12324096", 
                        "toString": "1.7.5"
                    }
                ]
            }, 
            {
                "author": {
                    "active": true, 
                    "avatarUrls": {
                        "16x16": "https://issues.apache.org/jira/secure/useravatar?size=small&ownerId=kryzthov&avatarId=16188", 
                        "48x48": "https://issues.apache.org/jira/secure/useravatar?ownerId=kryzthov&avatarId=16188"
                    }, 
                    "displayName": "Christophe Taton", 
                    "emailAddress": "taton@apache.org", 
                    "name": "kryzthov", 
                    "self": "https://issues.apache.org/jira/rest/api/2/user?username=kryzthov"
                }, 
                "created": "2013-04-17T05:25:21.393+0000", 
                "id": "13701348", 
                "items": [
                    {
                        "field": "Attachment", 
                        "fieldtype": "jira", 
                        "from": null, 
                        "fromString": null, 
                        "to": "12579094", 
                        "toString": "AVRO-1299.20130416-222225.patch"
                    }
                ]
            }, 
            {
                "author": {
                    "active": true, 
                    "avatarUrls": {
                        "16x16": "https://issues.apache.org/jira/secure/useravatar?size=small&ownerId=kryzthov&avatarId=16188", 
                        "48x48": "https://issues.apache.org/jira/secure/useravatar?ownerId=kryzthov&avatarId=16188"
                    }, 
                    "displayName": "Christophe Taton", 
                    "emailAddress": "taton@apache.org", 
                    "name": "kryzthov", 
                    "self": "https://issues.apache.org/jira/rest/api/2/user?username=kryzthov"
                }, 
                "created": "2013-04-17T17:11:58.944+0000", 
                "id": "13701655", 
                "items": [
                    {
                        "field": "Attachment", 
                        "fieldtype": "jira", 
                        "from": null, 
                        "fromString": null, 
                        "to": "12579154", 
                        "toString": "AVRO-1299.20130417-101039.patch"
                    }
                ]
            }, 
            {
                "author": {
                    "active": true, 
                    "avatarUrls": {
                        "16x16": "https://issues.apache.org/jira/secure/useravatar?size=small&ownerId=kryzthov&avatarId=16188", 
                        "48x48": "https://issues.apache.org/jira/secure/useravatar?ownerId=kryzthov&avatarId=16188"
                    }, 
                    "displayName": "Christophe Taton", 
                    "emailAddress": "taton@apache.org", 
                    "name": "kryzthov", 
                    "self": "https://issues.apache.org/jira/rest/api/2/user?username=kryzthov"
                }, 
                "created": "2013-04-18T20:41:25.666+0000", 
                "id": "13702959", 
                "items": [
                    {
                        "field": "Attachment", 
                        "fieldtype": "jira", 
                        "from": null, 
                        "fromString": null, 
                        "to": "12579414", 
                        "toString": "AVRO-1299.20130418-133947.patch"
                    }
                ]
            }, 
            {
                "author": {
                    "active": true, 
                    "avatarUrls": {
                        "16x16": "https://issues.apache.org/jira/secure/useravatar?size=small&avatarId=10452", 
                        "48x48": "https://issues.apache.org/jira/secure/useravatar?avatarId=10452"
                    }, 
                    "displayName": "Doug Cutting", 
                    "emailAddress": "cutting@apache.org", 
                    "name": "cutting", 
                    "self": "https://issues.apache.org/jira/rest/api/2/user?username=cutting"
                }, 
                "created": "2013-04-23T17:11:53.429+0000", 
                "id": "13706005", 
                "items": [
                    {
                        "field": "status", 
                        "fieldtype": "jira", 
                        "from": "10002", 
                        "fromString": "Patch Available", 
                        "to": "5", 
                        "toString": "Resolved"
                    }, 
                    {
                        "field": "assignee", 
                        "fieldtype": "jira", 
                        "from": null, 
                        "fromString": null, 
                        "to": "kryzthov", 
                        "toString": "Christophe Taton"
                    }, 
                    {
                        "field": "resolution", 
                        "fieldtype": "jira", 
                        "from": null, 
                        "fromString": null, 
                        "to": "1", 
                        "toString": "Fixed"
                    }
                ]
            }
        ], 
        "maxResults": 5, 
        "startAt": 0, 
        "total": 5
    }, 
    "editmeta": {
        "fields": {}
    }, 
    "expand": "renderedFields,names,schema,transitions,operations,editmeta,changelog", 
    "fields": {
        "aggregateprogress": {
            "progress": 0, 
            "total": 0
        }, 
        "aggregatetimeestimate": null, 
        "aggregatetimeoriginalestimate": null, 
        "aggregatetimespent": null, 
        "assignee": {
            "active": true, 
            "avatarUrls": {
                "16x16": "https://issues.apache.org/jira/secure/useravatar?size=small&ownerId=kryzthov&avatarId=16188", 
                "48x48": "https://issues.apache.org/jira/secure/useravatar?ownerId=kryzthov&avatarId=16188"
            }, 
            "displayName": "Christophe Taton", 
            "emailAddress": "taton@apache.org", 
            "name": "kryzthov", 
            "self": "https://issues.apache.org/jira/rest/api/2/user?username=kryzthov"
        }, 
        "comment": {
            "comments": [
                {
                    "author": {
                        "active": true, 
                        "avatarUrls": {
                            "16x16": "https://issues.apache.org/jira/secure/useravatar?size=small&ownerId=kryzthov&avatarId=16188", 
                            "48x48": "https://issues.apache.org/jira/secure/useravatar?ownerId=kryzthov&avatarId=16188"
                        }, 
                        "displayName": "Christophe Taton", 
                        "emailAddress": "taton@apache.org", 
                        "name": "kryzthov", 
                        "self": "https://issues.apache.org/jira/rest/api/2/user?username=kryzthov"
                    }, 
                    "body": "This patch updates SpecificRecordBase to implement GenericRecord.", 
                    "created": "2013-04-17T05:25:21.388+0000", 
                    "id": "13633800", 
                    "self": "https://issues.apache.org/jira/rest/api/2/issue/12642858/comment/13633800", 
                    "updateAuthor": {
                        "active": true, 
                        "avatarUrls": {
                            "16x16": "https://issues.apache.org/jira/secure/useravatar?size=small&ownerId=kryzthov&avatarId=16188", 
                            "48x48": "https://issues.apache.org/jira/secure/useravatar?ownerId=kryzthov&avatarId=16188"
                        }, 
                        "displayName": "Christophe Taton", 
                        "emailAddress": "taton@apache.org", 
                        "name": "kryzthov", 
                        "self": "https://issues.apache.org/jira/rest/api/2/user?username=kryzthov"
                    }, 
                    "updated": "2013-04-17T05:25:21.388+0000"
                }, 
                {
                    "author": {
                        "active": true, 
                        "avatarUrls": {
                            "16x16": "https://issues.apache.org/jira/secure/useravatar?size=small&avatarId=10452", 
                            "48x48": "https://issues.apache.org/jira/secure/useravatar?avatarId=10452"
                        }, 
                        "displayName": "Doug Cutting", 
                        "emailAddress": "cutting@apache.org", 
                        "name": "cutting", 
                        "self": "https://issues.apache.org/jira/rest/api/2/user?username=cutting"
                    }, 
                    "body": "Patch looks good but also includes changes for AVRO-1295.", 
                    "created": "2013-04-17T16:55:00.443+0000", 
                    "id": "13634199", 
                    "self": "https://issues.apache.org/jira/rest/api/2/issue/12642858/comment/13634199", 
                    "updateAuthor": {
                        "active": true, 
                        "avatarUrls": {
                            "16x16": "https://issues.apache.org/jira/secure/useravatar?size=small&avatarId=10452", 
                            "48x48": "https://issues.apache.org/jira/secure/useravatar?avatarId=10452"
                        }, 
                        "displayName": "Doug Cutting", 
                        "emailAddress": "cutting@apache.org", 
                        "name": "cutting", 
                        "self": "https://issues.apache.org/jira/rest/api/2/user?username=cutting"
                    }, 
                    "updated": "2013-04-17T16:55:00.443+0000"
                }, 
                {
                    "author": {
                        "active": true, 
                        "avatarUrls": {
                            "16x16": "https://issues.apache.org/jira/secure/useravatar?size=small&ownerId=kryzthov&avatarId=16188", 
                            "48x48": "https://issues.apache.org/jira/secure/useravatar?ownerId=kryzthov&avatarId=16188"
                        }, 
                        "displayName": "Christophe Taton", 
                        "emailAddress": "taton@apache.org", 
                        "name": "kryzthov", 
                        "self": "https://issues.apache.org/jira/rest/api/2/user?username=kryzthov"
                    }, 
                    "body": "Sorry for that, here is an updated diff against the latest trunk.", 
                    "created": "2013-04-17T17:11:58.937+0000", 
                    "id": "13634209", 
                    "self": "https://issues.apache.org/jira/rest/api/2/issue/12642858/comment/13634209", 
                    "updateAuthor": {
                        "active": true, 
                        "avatarUrls": {
                            "16x16": "https://issues.apache.org/jira/secure/useravatar?size=small&ownerId=kryzthov&avatarId=16188", 
                            "48x48": "https://issues.apache.org/jira/secure/useravatar?ownerId=kryzthov&avatarId=16188"
                        }, 
                        "displayName": "Christophe Taton", 
                        "emailAddress": "taton@apache.org", 
                        "name": "kryzthov", 
                        "self": "https://issues.apache.org/jira/rest/api/2/user?username=kryzthov"
                    }, 
                    "updated": "2013-04-17T17:11:58.937+0000"
                }, 
                {
                    "author": {
                        "active": true, 
                        "avatarUrls": {
                            "16x16": "https://issues.apache.org/jira/secure/useravatar?size=small&avatarId=10452", 
                            "48x48": "https://issues.apache.org/jira/secure/useravatar?avatarId=10452"
                        }, 
                        "displayName": "Doug Cutting", 
                        "emailAddress": "cutting@apache.org", 
                        "name": "cutting", 
                        "self": "https://issues.apache.org/jira/rest/api/2/user?username=cutting"
                    }, 
                    "body": "+1 This looks good to me.  I'll commit it soon unless there are objections.", 
                    "created": "2013-04-18T13:35:00.461+0000", 
                    "id": "13635157", 
                    "self": "https://issues.apache.org/jira/rest/api/2/issue/12642858/comment/13635157", 
                    "updateAuthor": {
                        "active": true, 
                        "avatarUrls": {
                            "16x16": "https://issues.apache.org/jira/secure/useravatar?size=small&avatarId=10452", 
                            "48x48": "https://issues.apache.org/jira/secure/useravatar?avatarId=10452"
                        }, 
                        "displayName": "Doug Cutting", 
                        "emailAddress": "cutting@apache.org", 
                        "name": "cutting", 
                        "self": "https://issues.apache.org/jira/rest/api/2/user?username=cutting"
                    }, 
                    "updated": "2013-04-18T13:35:00.461+0000"
                }, 
                {
                    "author": {
                        "active": true, 
                        "avatarUrls": {
                            "16x16": "https://issues.apache.org/jira/secure/useravatar?size=small&avatarId=10452", 
                            "48x48": "https://issues.apache.org/jira/secure/useravatar?avatarId=10452"
                        }, 
                        "displayName": "Scott Carey", 
                        "emailAddress": "scottcarey@apache.org", 
                        "name": "scott_carey", 
                        "self": "https://issues.apache.org/jira/rest/api/2/user?username=scott_carey"
                    }, 
                    "body": "I'm uncomfortable with the mutator here. (put)  This may make immutable records impossible in the future.  Currently the only mutators are generated from the template, can these be optional from the compile template as well?  Or can we break up the generic record interface into read/write bits and only expose the accessor by default?", 
                    "created": "2013-04-18T20:18:22.295+0000", 
                    "id": "13635629", 
                    "self": "https://issues.apache.org/jira/rest/api/2/issue/12642858/comment/13635629", 
                    "updateAuthor": {
                        "active": true, 
                        "avatarUrls": {
                            "16x16": "https://issues.apache.org/jira/secure/useravatar?size=small&avatarId=10452", 
                            "48x48": "https://issues.apache.org/jira/secure/useravatar?avatarId=10452"
                        }, 
                        "displayName": "Scott Carey", 
                        "emailAddress": "scottcarey@apache.org", 
                        "name": "scott_carey", 
                        "self": "https://issues.apache.org/jira/rest/api/2/user?username=scott_carey"
                    }, 
                    "updated": "2013-04-18T20:18:22.295+0000"
                }, 
                {
                    "author": {
                        "active": true, 
                        "avatarUrls": {
                            "16x16": "https://issues.apache.org/jira/secure/useravatar?size=small&ownerId=kryzthov&avatarId=16188", 
                            "48x48": "https://issues.apache.org/jira/secure/useravatar?ownerId=kryzthov&avatarId=16188"
                        }, 
                        "displayName": "Christophe Taton", 
                        "emailAddress": "taton@apache.org", 
                        "name": "kryzthov", 
                        "self": "https://issues.apache.org/jira/rest/api/2/user?username=kryzthov"
                    }, 
                    "body": "We can disable the put() here (ie. let it throw a runtime exception).\nShould the same treatment happen with IndexedRecord.put() implemented by SpecificRecordBase then?", 
                    "created": "2013-04-18T20:24:45.832+0000", 
                    "id": "13635640", 
                    "self": "https://issues.apache.org/jira/rest/api/2/issue/12642858/comment/13635640", 
                    "updateAuthor": {
                        "active": true, 
                        "avatarUrls": {
                            "16x16": "https://issues.apache.org/jira/secure/useravatar?size=small&ownerId=kryzthov&avatarId=16188", 
                            "48x48": "https://issues.apache.org/jira/secure/useravatar?ownerId=kryzthov&avatarId=16188"
                        }, 
                        "displayName": "Christophe Taton", 
                        "emailAddress": "taton@apache.org", 
                        "name": "kryzthov", 
                        "self": "https://issues.apache.org/jira/rest/api/2/user?username=kryzthov"
                    }, 
                    "updated": "2013-04-18T20:24:45.832+0000"
                }, 
                {
                    "author": {
                        "active": true, 
                        "avatarUrls": {
                            "16x16": "https://issues.apache.org/jira/secure/useravatar?size=small&ownerId=kryzthov&avatarId=16188", 
                            "48x48": "https://issues.apache.org/jira/secure/useravatar?ownerId=kryzthov&avatarId=16188"
                        }, 
                        "displayName": "Christophe Taton", 
                        "emailAddress": "taton@apache.org", 
                        "name": "kryzthov", 
                        "self": "https://issues.apache.org/jira/rest/api/2/user?username=kryzthov"
                    }, 
                    "body": "My previous question is actually irrelevant at this point. Is there documentation or a plan sketched as to how to bring immutable records?\nWhat's the timeline to remove setters?", 
                    "created": "2013-04-18T20:30:51.206+0000", 
                    "id": "13635652", 
                    "self": "https://issues.apache.org/jira/rest/api/2/issue/12642858/comment/13635652", 
                    "updateAuthor": {
                        "active": true, 
                        "avatarUrls": {
                            "16x16": "https://issues.apache.org/jira/secure/useravatar?size=small&ownerId=kryzthov&avatarId=16188", 
                            "48x48": "https://issues.apache.org/jira/secure/useravatar?ownerId=kryzthov&avatarId=16188"
                        }, 
                        "displayName": "Christophe Taton", 
                        "emailAddress": "taton@apache.org", 
                        "name": "kryzthov", 
                        "self": "https://issues.apache.org/jira/rest/api/2/user?username=kryzthov"
                    }, 
                    "updated": "2013-04-18T20:30:51.206+0000"
                }, 
                {
                    "author": {
                        "active": true, 
                        "avatarUrls": {
                            "16x16": "https://issues.apache.org/jira/secure/useravatar?size=small&ownerId=kryzthov&avatarId=16188", 
                            "48x48": "https://issues.apache.org/jira/secure/useravatar?ownerId=kryzthov&avatarId=16188"
                        }, 
                        "displayName": "Christophe Taton", 
                        "emailAddress": "taton@apache.org", 
                        "name": "kryzthov", 
                        "self": "https://issues.apache.org/jira/rest/api/2/user?username=kryzthov"
                    }, 
                    "body": "Here is a patch in which put() is not supported (throws an AvroRuntimeException).\r\n\r\nWe can also explore splitting the GenericRecord interface into getter and setter interfaces.\r\n", 
                    "created": "2013-04-18T20:41:25.659+0000", 
                    "id": "13635666", 
                    "self": "https://issues.apache.org/jira/rest/api/2/issue/12642858/comment/13635666", 
                    "updateAuthor": {
                        "active": true, 
                        "avatarUrls": {
                            "16x16": "https://issues.apache.org/jira/secure/useravatar?size=small&ownerId=kryzthov&avatarId=16188", 
                            "48x48": "https://issues.apache.org/jira/secure/useravatar?ownerId=kryzthov&avatarId=16188"
                        }, 
                        "displayName": "Christophe Taton", 
                        "emailAddress": "taton@apache.org", 
                        "name": "kryzthov", 
                        "self": "https://issues.apache.org/jira/rest/api/2/user?username=kryzthov"
                    }, 
                    "updated": "2013-04-18T20:41:25.659+0000"
                }, 
                {
                    "author": {
                        "active": true, 
                        "avatarUrls": {
                            "16x16": "https://issues.apache.org/jira/secure/useravatar?size=small&avatarId=10452", 
                            "48x48": "https://issues.apache.org/jira/secure/useravatar?avatarId=10452"
                        }, 
                        "displayName": "Scott Carey", 
                        "emailAddress": "scottcarey@apache.org", 
                        "name": "scott_carey", 
                        "self": "https://issues.apache.org/jira/rest/api/2/user?username=scott_carey"
                    }, 
                    "body": "I suppose IndexedRecord exists, and this is no different.\n\nThe work required for immutable records is some cleanup and performance improvement to the builders (e.g. remove unnecessary boxing), then those need to be used by the DatumReader classes.\n\nThere is no timeline, but I want to make sure we avoid making things harder in the future if we can and consider our options.", 
                    "created": "2013-04-18T20:51:14.408+0000", 
                    "id": "13635677", 
                    "self": "https://issues.apache.org/jira/rest/api/2/issue/12642858/comment/13635677", 
                    "updateAuthor": {
                        "active": true, 
                        "avatarUrls": {
                            "16x16": "https://issues.apache.org/jira/secure/useravatar?size=small&avatarId=10452", 
                            "48x48": "https://issues.apache.org/jira/secure/useravatar?avatarId=10452"
                        }, 
                        "displayName": "Scott Carey", 
                        "emailAddress": "scottcarey@apache.org", 
                        "name": "scott_carey", 
                        "self": "https://issues.apache.org/jira/rest/api/2/user?username=scott_carey"
                    }, 
                    "updated": "2013-04-18T20:51:14.408+0000"
                }, 
                {
                    "author": {
                        "active": true, 
                        "avatarUrls": {
                            "16x16": "https://issues.apache.org/jira/secure/useravatar?size=small&avatarId=10452", 
                            "48x48": "https://issues.apache.org/jira/secure/useravatar?avatarId=10452"
                        }, 
                        "displayName": "Doug Cutting", 
                        "emailAddress": "cutting@apache.org", 
                        "name": "cutting", 
                        "self": "https://issues.apache.org/jira/rest/api/2/user?username=cutting"
                    }, 
                    "body": "I don't yet see how implementing set() in SpecificRecordBase now makes implementing immutable records impossible in the future.  If this is called on an immutable record then it should throw an exception, but not on a mutable record.  What am I missing?", 
                    "created": "2013-04-22T20:05:19.563+0000", 
                    "id": "13638384", 
                    "self": "https://issues.apache.org/jira/rest/api/2/issue/12642858/comment/13638384", 
                    "updateAuthor": {
                        "active": true, 
                        "avatarUrls": {
                            "16x16": "https://issues.apache.org/jira/secure/useravatar?size=small&avatarId=10452", 
                            "48x48": "https://issues.apache.org/jira/secure/useravatar?avatarId=10452"
                        }, 
                        "displayName": "Doug Cutting", 
                        "emailAddress": "cutting@apache.org", 
                        "name": "cutting", 
                        "self": "https://issues.apache.org/jira/rest/api/2/user?username=cutting"
                    }, 
                    "updated": "2013-04-22T20:05:19.563+0000"
                }, 
                {
                    "author": {
                        "active": true, 
                        "avatarUrls": {
                            "16x16": "https://issues.apache.org/jira/secure/useravatar?size=small&avatarId=10452", 
                            "48x48": "https://issues.apache.org/jira/secure/useravatar?avatarId=10452"
                        }, 
                        "displayName": "Scott Carey", 
                        "emailAddress": "scottcarey@apache.org", 
                        "name": "scott_carey", 
                        "self": "https://issues.apache.org/jira/rest/api/2/user?username=scott_carey"
                    }, 
                    "body": "I guess only my sense of purity -- an Immutable object that throws an exception on set feels very dirty and a violation of the contract.  At this point, we already have a put() via IndexedRecord interface so I don't see any harm in this.\n\n", 
                    "created": "2013-04-22T21:35:01.564+0000", 
                    "id": "13638455", 
                    "self": "https://issues.apache.org/jira/rest/api/2/issue/12642858/comment/13638455", 
                    "updateAuthor": {
                        "active": true, 
                        "avatarUrls": {
                            "16x16": "https://issues.apache.org/jira/secure/useravatar?size=small&avatarId=10452", 
                            "48x48": "https://issues.apache.org/jira/secure/useravatar?avatarId=10452"
                        }, 
                        "displayName": "Scott Carey", 
                        "emailAddress": "scottcarey@apache.org", 
                        "name": "scott_carey", 
                        "self": "https://issues.apache.org/jira/rest/api/2/user?username=scott_carey"
                    }, 
                    "updated": "2013-04-22T21:35:01.564+0000"
                }, 
                {
                    "author": {
                        "active": true, 
                        "avatarUrls": {
                            "16x16": "https://issues.apache.org/jira/secure/useravatar?size=small&avatarId=10452", 
                            "48x48": "https://issues.apache.org/jira/secure/useravatar?avatarId=10452"
                        }, 
                        "displayName": "Doug Cutting", 
                        "emailAddress": "cutting@apache.org", 
                        "name": "cutting", 
                        "self": "https://issues.apache.org/jira/rest/api/2/user?username=cutting"
                    }, 
                    "body": "I think we agree.  If we want to improve things for immutability then we might refactor the interfaces, but throwing an exception for mutable records seems like it accomplishes little.  So my vote is for the 101039 version of the patch.", 
                    "created": "2013-04-22T21:59:32.986+0000", 
                    "id": "13638484", 
                    "self": "https://issues.apache.org/jira/rest/api/2/issue/12642858/comment/13638484", 
                    "updateAuthor": {
                        "active": true, 
                        "avatarUrls": {
                            "16x16": "https://issues.apache.org/jira/secure/useravatar?size=small&avatarId=10452", 
                            "48x48": "https://issues.apache.org/jira/secure/useravatar?avatarId=10452"
                        }, 
                        "displayName": "Doug Cutting", 
                        "emailAddress": "cutting@apache.org", 
                        "name": "cutting", 
                        "self": "https://issues.apache.org/jira/rest/api/2/user?username=cutting"
                    }, 
                    "updated": "2013-04-22T21:59:32.986+0000"
                }, 
                {
                    "author": {
                        "active": true, 
                        "avatarUrls": {
                            "16x16": "https://issues.apache.org/jira/secure/useravatar?size=small&avatarId=10452", 
                            "48x48": "https://issues.apache.org/jira/secure/useravatar?avatarId=10452"
                        }, 
                        "displayName": "Scott Carey", 
                        "emailAddress": "scottcarey@apache.org", 
                        "name": "scott_carey", 
                        "self": "https://issues.apache.org/jira/rest/api/2/user?username=scott_carey"
                    }, 
                    "body": "I agree, 101039 seems best.  If we didn't already have IndexedRecord.put(), I might want to split the interfaces up now, but there is no reason to roll that in in this JIRA as is.\n\nThanks Christophe!\n\n\nNote -- it will probably be slower to serialize a SpecificRecord via its GenericRecord interface, but probably only a little since there is quite a bit of overhead in both at the moment anyway.", 
                    "created": "2013-04-22T22:09:26.903+0000", 
                    "id": "13638491", 
                    "self": "https://issues.apache.org/jira/rest/api/2/issue/12642858/comment/13638491", 
                    "updateAuthor": {
                        "active": true, 
                        "avatarUrls": {
                            "16x16": "https://issues.apache.org/jira/secure/useravatar?size=small&avatarId=10452", 
                            "48x48": "https://issues.apache.org/jira/secure/useravatar?avatarId=10452"
                        }, 
                        "displayName": "Scott Carey", 
                        "emailAddress": "scottcarey@apache.org", 
                        "name": "scott_carey", 
                        "self": "https://issues.apache.org/jira/rest/api/2/user?username=scott_carey"
                    }, 
                    "updated": "2013-04-22T22:09:26.903+0000"
                }, 
                {
                    "author": {
                        "active": true, 
                        "avatarUrls": {
                            "16x16": "https://issues.apache.org/jira/secure/useravatar?size=small&avatarId=10452", 
                            "48x48": "https://issues.apache.org/jira/secure/useravatar?avatarId=10452"
                        }, 
                        "displayName": "Doug Cutting", 
                        "emailAddress": "cutting@apache.org", 
                        "name": "cutting", 
                        "self": "https://issues.apache.org/jira/rest/api/2/user?username=cutting"
                    }, 
                    "body": "I committed this.  Thanks, Christophe!", 
                    "created": "2013-04-23T17:11:53.424+0000", 
                    "id": "13639253", 
                    "self": "https://issues.apache.org/jira/rest/api/2/issue/12642858/comment/13639253", 
                    "updateAuthor": {
                        "active": true, 
                        "avatarUrls": {
                            "16x16": "https://issues.apache.org/jira/secure/useravatar?size=small&avatarId=10452", 
                            "48x48": "https://issues.apache.org/jira/secure/useravatar?avatarId=10452"
                        }, 
                        "displayName": "Doug Cutting", 
                        "emailAddress": "cutting@apache.org", 
                        "name": "cutting", 
                        "self": "https://issues.apache.org/jira/rest/api/2/user?username=cutting"
                    }, 
                    "updated": "2013-04-23T17:11:53.424+0000"
                }, 
                {
                    "author": {
                        "active": true, 
                        "avatarUrls": {
                            "16x16": "https://issues.apache.org/jira/secure/useravatar?size=small&avatarId=10452", 
                            "48x48": "https://issues.apache.org/jira/secure/useravatar?avatarId=10452"
                        }, 
                        "displayName": "Hudson", 
                        "emailAddress": "jira@apache.org", 
                        "name": "hudson", 
                        "self": "https://issues.apache.org/jira/rest/api/2/user?username=hudson"
                    }, 
                    "body": "Integrated in AvroJava #364 (See [https://builds.apache.org/job/AvroJava/364/])\n    AVRO-1299. Java: SpecificRecordBase implements GenericRecord.  Contributed by Christophe Taton. (Revision 1471047)\n\n     Result = SUCCESS\ncutting : \nFiles : \n* /avro/trunk/CHANGES.txt\n* /avro/trunk/lang/java/avro/src/main/java/org/apache/avro/specific/SpecificRecordBase.java\n* /avro/trunk/lang/java/avro/src/test/java/org/apache/avro/specific/TestSpecificData.java\n", 
                    "created": "2013-04-24T00:11:04.383+0000", 
                    "id": "13639878", 
                    "self": "https://issues.apache.org/jira/rest/api/2/issue/12642858/comment/13639878", 
                    "updateAuthor": {
                        "active": true, 
                        "avatarUrls": {
                            "16x16": "https://issues.apache.org/jira/secure/useravatar?size=small&avatarId=10452", 
                            "48x48": "https://issues.apache.org/jira/secure/useravatar?avatarId=10452"
                        }, 
                        "displayName": "Hudson", 
                        "emailAddress": "jira@apache.org", 
                        "name": "hudson", 
                        "self": "https://issues.apache.org/jira/rest/api/2/user?username=hudson"
                    }, 
                    "updated": "2013-04-24T00:11:04.383+0000"
                }
            ], 
            "maxResults": 15, 
            "startAt": 0, 
            "total": 15
        }, 
        "components": [
            {
                "description": "The Java implementation of the Avro specification.", 
                "id": "12312780", 
                "name": "java", 
                "self": "https://issues.apache.org/jira/rest/api/2/component/12312780"
            }
        ], 
        "created": "2013-04-17T05:20:43.530+0000", 
        "customfield_10010": null, 
        "customfield_12310191": null, 
        "customfield_12310192": null, 
        "customfield_12310220": "2013-04-17 16:55:00.443", 
        "customfield_12310222": "10002_*:*_1_*:*_560842731_*|*_1_*:*_1_*:*_227168_*|*_5_*:*_1_*:*_0", 
        "customfield_12310230": null, 
        "customfield_12310290": null, 
        "customfield_12310291": null, 
        "customfield_12310300": null, 
        "customfield_12310310": "3.0", 
        "customfield_12310420": "323283", 
        "customfield_12310920": "323261", 
        "customfield_12310921": null, 
        "customfield_12311120": null, 
        "description": "Code written for generic records should be directly applicable on equivalent specific records.", 
        "duedate": null, 
        "environment": null, 
        "fixVersions": [
            {
                "archived": false, 
                "description": "bugfix release", 
                "id": "12324096", 
                "name": "1.7.5", 
                "released": false, 
                "self": "https://issues.apache.org/jira/rest/api/2/version/12324096"
            }
        ], 
        "issuelinks": [], 
        "issuetype": {
            "description": "An improvement or enhancement to an existing feature or task.", 
            "iconUrl": "https://issues.apache.org/jira/images/icons/issuetypes/improvement.png", 
            "id": "4", 
            "name": "Improvement", 
            "self": "https://issues.apache.org/jira/rest/api/2/issuetype/4", 
            "subtask": false
        }, 
        "labels": [], 
        "lastViewed": null, 
        "priority": {
            "iconUrl": "https://issues.apache.org/jira/images/icons/priorities/minor.png", 
            "id": "4", 
            "name": "Minor", 
            "self": "https://issues.apache.org/jira/rest/api/2/priority/4"
        }, 
        "progress": {
            "progress": 0, 
            "total": 0
        }, 
        "project": {
            "avatarUrls": {
                "16x16": "https://issues.apache.org/jira/secure/projectavatar?size=small&pid=12310911&avatarId=12750", 
                "48x48": "https://issues.apache.org/jira/secure/projectavatar?pid=12310911&avatarId=12750"
            }, 
            "id": "12310911", 
            "key": "AVRO", 
            "name": "Avro", 
            "self": "https://issues.apache.org/jira/rest/api/2/project/AVRO"
        }, 
        "reporter": {
            "active": true, 
            "avatarUrls": {
                "16x16": "https://issues.apache.org/jira/secure/useravatar?size=small&ownerId=kryzthov&avatarId=16188", 
                "48x48": "https://issues.apache.org/jira/secure/useravatar?ownerId=kryzthov&avatarId=16188"
            }, 
            "displayName": "Christophe Taton", 
            "emailAddress": "taton@apache.org", 
            "name": "kryzthov", 
            "self": "https://issues.apache.org/jira/rest/api/2/user?username=kryzthov"
        }, 
        "resolution": {
            "description": "A fix for this issue is checked into the tree and tested.", 
            "id": "1", 
            "name": "Fixed", 
            "self": "https://issues.apache.org/jira/rest/api/2/resolution/1"
        }, 
        "resolutiondate": "2013-04-23T17:11:53.399+0000", 
        "status": {
            "description": "A resolution has been taken, and it is awaiting verification by reporter. From here issues are either reopened, or are closed.", 
            "iconUrl": "https://issues.apache.org/jira/images/icons/statuses/resolved.png", 
            "id": "5", 
            "name": "Resolved", 
            "self": "https://issues.apache.org/jira/rest/api/2/status/5"
        }, 
        "subtasks": [], 
        "summary": "SpecificRecordBase implements GenericRecord", 
        "timeestimate": null, 
        "timeoriginalestimate": null, 
        "timespent": null, 
        "timetracking": {}, 
        "updated": "2013-04-24T00:11:04.383+0000", 
        "versions": [
            {
                "archived": false, 
                "description": "bugfix release", 
                "id": "12323742", 
                "name": "1.7.4", 
                "releaseDate": "2013-02-26", 
                "released": true, 
                "self": "https://issues.apache.org/jira/rest/api/2/version/12323742"
            }
        ], 
        "votes": {
            "hasVoted": false, 
            "self": "https://issues.apache.org/jira/rest/api/2/issue/AVRO-1299/votes", 
            "votes": 0
        }, 
        "watches": {
            "isWatching": false, 
            "self": "https://issues.apache.org/jira/rest/api/2/issue/AVRO-1299/watchers", 
            "watchCount": 4
        }, 
        "worklog": {
            "maxResults": 0, 
            "startAt": 0, 
            "total": 0, 
            "worklogs": []
        }, 
        "workratio": -1
    }, 
    "id": "12642858", 
    "key": "AVRO-1299", 
    "names": {
        "aggregateprogress": "\u03a3 Progress", 
        "aggregatetimeestimate": "\u03a3 Remaining Estimate", 
        "aggregatetimeoriginalestimate": "\u03a3 Original Estimate", 
        "aggregatetimespent": "\u03a3 Time Spent", 
        "assignee": "Assignee", 
        "comment": "Comment", 
        "components": "Component/s", 
        "created": "Created", 
        "customfield_10010": "Bugzilla Id", 
        "customfield_12310191": "Hadoop Flags", 
        "customfield_12310192": "Release Note", 
        "customfield_12310220": "Date of First Response", 
        "customfield_12310222": "Time in Status", 
        "customfield_12310230": "Tags", 
        "customfield_12310290": "Flagged", 
        "customfield_12310291": "Epic/Theme", 
        "customfield_12310300": "Release Version History", 
        "customfield_12310310": "Attachment count", 
        "customfield_12310420": "Global Rank", 
        "customfield_12310920": "Rank", 
        "customfield_12310921": "Sprint", 
        "customfield_12311120": "Epic Link", 
        "description": "Description", 
        "duedate": "Due Date", 
        "environment": "Environment", 
        "fixVersions": "Fix Version/s", 
        "issuelinks": "Linked Issues", 
        "issuetype": "Issue Type", 
        "labels": "Labels", 
        "lastViewed": "Last Viewed", 
        "priority": "Priority", 
        "progress": "Progress", 
        "project": "Project", 
        "reporter": "Reporter", 
        "resolution": "Resolution", 
        "resolutiondate": "Resolved", 
        "status": "Status", 
        "subtasks": "Sub-Tasks", 
        "summary": "Summary", 
        "timeestimate": "Remaining Estimate", 
        "timeoriginalestimate": "Original Estimate", 
        "timespent": "Time Spent", 
        "timetracking": "Time Tracking", 
        "updated": "Updated", 
        "versions": "Affects Version/s", 
        "votes": "Votes", 
        "watches": "Watchers", 
        "worklog": "Log Work", 
        "workratio": "Work Ratio"
    }, 
    "operations": {
        "linkGroups": [
            {
                "groups": [
                    {
                        "groups": [
                            {
                                "groups": [], 
                                "header": {
                                    "id": "opsbar-operations_more", 
                                    "label": "More Actions"
                                }, 
                                "links": []
                            }
                        ], 
                        "links": [
                            {
                                "href": "/jira/secure/GHGoToBoard.jspa?issueId=12642858", 
                                "id": "greenhopper-rapidboard-operation", 
                                "label": "Agile Board", 
                                "styleClass": "issueaction-greenhopper-rapidboard-operation js-rapidboard-operation-issue", 
                                "title": "View this issue on an Agile board"
                            }
                        ]
                    }, 
                    {
                        "groups": [
                            {
                                "groups": [], 
                                "header": {
                                    "id": "opsbar-transitions_more", 
                                    "label": "Workflow"
                                }, 
                                "links": []
                            }
                        ], 
                        "links": []
                    }
                ], 
                "id": "view.issue.opsbar", 
                "links": []
            }, 
            {
                "groups": [
                    {
                        "groups": [], 
                        "header": {
                            "iconClass": "icon-view", 
                            "label": "Views", 
                            "title": "View this issue in another format"
                        }, 
                        "links": [
                            {
                                "href": "/jira/si/jira.issueviews:issue-xml/AVRO-1299/AVRO-1299.xml", 
                                "label": "XML"
                            }, 
                            {
                                "href": "/jira/si/jira.issueviews:issue-word/AVRO-1299/AVRO-1299.doc", 
                                "label": "Word"
                            }, 
                            {
                                "href": "/jira/si/jira.issueviews:issue-html/AVRO-1299/AVRO-1299.html", 
                                "label": "Printable"
                            }
                        ]
                    }
                ], 
                "id": "jira.issue.tools", 
                "links": []
            }
        ]
    }, 
    "renderedFields": {
        "aggregatetimeestimate": null, 
        "aggregatetimeoriginalestimate": null, 
        "aggregatetimespent": null, 
        "comment": {
            "comments": [
                {
                    "author": {
                        "active": true, 
                        "avatarUrls": {
                            "16x16": "https://issues.apache.org/jira/secure/useravatar?size=small&ownerId=kryzthov&avatarId=16188", 
                            "48x48": "https://issues.apache.org/jira/secure/useravatar?ownerId=kryzthov&avatarId=16188"
                        }, 
                        "displayName": "Christophe Taton", 
                        "emailAddress": "taton@apache.org", 
                        "name": "kryzthov", 
                        "self": "https://issues.apache.org/jira/rest/api/2/user?username=kryzthov"
                    }, 
                    "body": "<p>This patch updates SpecificRecordBase to implement GenericRecord.</p>", 
                    "created": "17/Apr/13 06:25", 
                    "id": "13633800", 
                    "self": "https://issues.apache.org/jira/rest/api/2/issue/12642858/comment/13633800", 
                    "updateAuthor": {
                        "active": true, 
                        "avatarUrls": {
                            "16x16": "https://issues.apache.org/jira/secure/useravatar?size=small&ownerId=kryzthov&avatarId=16188", 
                            "48x48": "https://issues.apache.org/jira/secure/useravatar?ownerId=kryzthov&avatarId=16188"
                        }, 
                        "displayName": "Christophe Taton", 
                        "emailAddress": "taton@apache.org", 
                        "name": "kryzthov", 
                        "self": "https://issues.apache.org/jira/rest/api/2/user?username=kryzthov"
                    }, 
                    "updated": "17/Apr/13 06:25"
                }, 
                {
                    "author": {
                        "active": true, 
                        "avatarUrls": {
                            "16x16": "https://issues.apache.org/jira/secure/useravatar?size=small&avatarId=10452", 
                            "48x48": "https://issues.apache.org/jira/secure/useravatar?avatarId=10452"
                        }, 
                        "displayName": "Doug Cutting", 
                        "emailAddress": "cutting@apache.org", 
                        "name": "cutting", 
                        "self": "https://issues.apache.org/jira/rest/api/2/user?username=cutting"
                    }, 
                    "body": "<p>Patch looks good but also includes changes for <a href=\"/jira/browse/AVRO-1295\" title=\"null namespace within non-null is not print/parse consistent\"><del>AVRO-1295</del></a>.</p>", 
                    "created": "17/Apr/13 17:55", 
                    "id": "13634199", 
                    "self": "https://issues.apache.org/jira/rest/api/2/issue/12642858/comment/13634199", 
                    "updateAuthor": {
                        "active": true, 
                        "avatarUrls": {
                            "16x16": "https://issues.apache.org/jira/secure/useravatar?size=small&avatarId=10452", 
                            "48x48": "https://issues.apache.org/jira/secure/useravatar?avatarId=10452"
                        }, 
                        "displayName": "Doug Cutting", 
                        "emailAddress": "cutting@apache.org", 
                        "name": "cutting", 
                        "self": "https://issues.apache.org/jira/rest/api/2/user?username=cutting"
                    }, 
                    "updated": "17/Apr/13 17:55"
                }, 
                {
                    "author": {
                        "active": true, 
                        "avatarUrls": {
                            "16x16": "https://issues.apache.org/jira/secure/useravatar?size=small&ownerId=kryzthov&avatarId=16188", 
                            "48x48": "https://issues.apache.org/jira/secure/useravatar?ownerId=kryzthov&avatarId=16188"
                        }, 
                        "displayName": "Christophe Taton", 
                        "emailAddress": "taton@apache.org", 
                        "name": "kryzthov", 
                        "self": "https://issues.apache.org/jira/rest/api/2/user?username=kryzthov"
                    }, 
                    "body": "<p>Sorry for that, here is an updated diff against the latest trunk.</p>", 
                    "created": "17/Apr/13 18:11", 
                    "id": "13634209", 
                    "self": "https://issues.apache.org/jira/rest/api/2/issue/12642858/comment/13634209", 
                    "updateAuthor": {
                        "active": true, 
                        "avatarUrls": {
                            "16x16": "https://issues.apache.org/jira/secure/useravatar?size=small&ownerId=kryzthov&avatarId=16188", 
                            "48x48": "https://issues.apache.org/jira/secure/useravatar?ownerId=kryzthov&avatarId=16188"
                        }, 
                        "displayName": "Christophe Taton", 
                        "emailAddress": "taton@apache.org", 
                        "name": "kryzthov", 
                        "self": "https://issues.apache.org/jira/rest/api/2/user?username=kryzthov"
                    }, 
                    "updated": "17/Apr/13 18:11"
                }, 
                {
                    "author": {
                        "active": true, 
                        "avatarUrls": {
                            "16x16": "https://issues.apache.org/jira/secure/useravatar?size=small&avatarId=10452", 
                            "48x48": "https://issues.apache.org/jira/secure/useravatar?avatarId=10452"
                        }, 
                        "displayName": "Doug Cutting", 
                        "emailAddress": "cutting@apache.org", 
                        "name": "cutting", 
                        "self": "https://issues.apache.org/jira/rest/api/2/user?username=cutting"
                    }, 
                    "body": "<p>+1 This looks good to me.  I'll commit it soon unless there are objections.</p>", 
                    "created": "18/Apr/13 14:35", 
                    "id": "13635157", 
                    "self": "https://issues.apache.org/jira/rest/api/2/issue/12642858/comment/13635157", 
                    "updateAuthor": {
                        "active": true, 
                        "avatarUrls": {
                            "16x16": "https://issues.apache.org/jira/secure/useravatar?size=small&avatarId=10452", 
                            "48x48": "https://issues.apache.org/jira/secure/useravatar?avatarId=10452"
                        }, 
                        "displayName": "Doug Cutting", 
                        "emailAddress": "cutting@apache.org", 
                        "name": "cutting", 
                        "self": "https://issues.apache.org/jira/rest/api/2/user?username=cutting"
                    }, 
                    "updated": "18/Apr/13 14:35"
                }, 
                {
                    "author": {
                        "active": true, 
                        "avatarUrls": {
                            "16x16": "https://issues.apache.org/jira/secure/useravatar?size=small&avatarId=10452", 
                            "48x48": "https://issues.apache.org/jira/secure/useravatar?avatarId=10452"
                        }, 
                        "displayName": "Scott Carey", 
                        "emailAddress": "scottcarey@apache.org", 
                        "name": "scott_carey", 
                        "self": "https://issues.apache.org/jira/rest/api/2/user?username=scott_carey"
                    }, 
                    "body": "<p>I'm uncomfortable with the mutator here. (put)  This may make immutable records impossible in the future.  Currently the only mutators are generated from the template, can these be optional from the compile template as well?  Or can we break up the generic record interface into read/write bits and only expose the accessor by default?</p>", 
                    "created": "18/Apr/13 21:18", 
                    "id": "13635629", 
                    "self": "https://issues.apache.org/jira/rest/api/2/issue/12642858/comment/13635629", 
                    "updateAuthor": {
                        "active": true, 
                        "avatarUrls": {
                            "16x16": "https://issues.apache.org/jira/secure/useravatar?size=small&avatarId=10452", 
                            "48x48": "https://issues.apache.org/jira/secure/useravatar?avatarId=10452"
                        }, 
                        "displayName": "Scott Carey", 
                        "emailAddress": "scottcarey@apache.org", 
                        "name": "scott_carey", 
                        "self": "https://issues.apache.org/jira/rest/api/2/user?username=scott_carey"
                    }, 
                    "updated": "18/Apr/13 21:18"
                }, 
                {
                    "author": {
                        "active": true, 
                        "avatarUrls": {
                            "16x16": "https://issues.apache.org/jira/secure/useravatar?size=small&ownerId=kryzthov&avatarId=16188", 
                            "48x48": "https://issues.apache.org/jira/secure/useravatar?ownerId=kryzthov&avatarId=16188"
                        }, 
                        "displayName": "Christophe Taton", 
                        "emailAddress": "taton@apache.org", 
                        "name": "kryzthov", 
                        "self": "https://issues.apache.org/jira/rest/api/2/user?username=kryzthov"
                    }, 
                    "body": "<p>We can disable the put() here (ie. let it throw a runtime exception).<br/>\nShould the same treatment happen with IndexedRecord.put() implemented by SpecificRecordBase then?</p>", 
                    "created": "18/Apr/13 21:24", 
                    "id": "13635640", 
                    "self": "https://issues.apache.org/jira/rest/api/2/issue/12642858/comment/13635640", 
                    "updateAuthor": {
                        "active": true, 
                        "avatarUrls": {
                            "16x16": "https://issues.apache.org/jira/secure/useravatar?size=small&ownerId=kryzthov&avatarId=16188", 
                            "48x48": "https://issues.apache.org/jira/secure/useravatar?ownerId=kryzthov&avatarId=16188"
                        }, 
                        "displayName": "Christophe Taton", 
                        "emailAddress": "taton@apache.org", 
                        "name": "kryzthov", 
                        "self": "https://issues.apache.org/jira/rest/api/2/user?username=kryzthov"
                    }, 
                    "updated": "18/Apr/13 21:24"
                }, 
                {
                    "author": {
                        "active": true, 
                        "avatarUrls": {
                            "16x16": "https://issues.apache.org/jira/secure/useravatar?size=small&ownerId=kryzthov&avatarId=16188", 
                            "48x48": "https://issues.apache.org/jira/secure/useravatar?ownerId=kryzthov&avatarId=16188"
                        }, 
                        "displayName": "Christophe Taton", 
                        "emailAddress": "taton@apache.org", 
                        "name": "kryzthov", 
                        "self": "https://issues.apache.org/jira/rest/api/2/user?username=kryzthov"
                    }, 
                    "body": "<p>My previous question is actually irrelevant at this point. Is there documentation or a plan sketched as to how to bring immutable records?<br/>\nWhat's the timeline to remove setters?</p>", 
                    "created": "18/Apr/13 21:30", 
                    "id": "13635652", 
                    "self": "https://issues.apache.org/jira/rest/api/2/issue/12642858/comment/13635652", 
                    "updateAuthor": {
                        "active": true, 
                        "avatarUrls": {
                            "16x16": "https://issues.apache.org/jira/secure/useravatar?size=small&ownerId=kryzthov&avatarId=16188", 
                            "48x48": "https://issues.apache.org/jira/secure/useravatar?ownerId=kryzthov&avatarId=16188"
                        }, 
                        "displayName": "Christophe Taton", 
                        "emailAddress": "taton@apache.org", 
                        "name": "kryzthov", 
                        "self": "https://issues.apache.org/jira/rest/api/2/user?username=kryzthov"
                    }, 
                    "updated": "18/Apr/13 21:30"
                }, 
                {
                    "author": {
                        "active": true, 
                        "avatarUrls": {
                            "16x16": "https://issues.apache.org/jira/secure/useravatar?size=small&ownerId=kryzthov&avatarId=16188", 
                            "48x48": "https://issues.apache.org/jira/secure/useravatar?ownerId=kryzthov&avatarId=16188"
                        }, 
                        "displayName": "Christophe Taton", 
                        "emailAddress": "taton@apache.org", 
                        "name": "kryzthov", 
                        "self": "https://issues.apache.org/jira/rest/api/2/user?username=kryzthov"
                    }, 
                    "body": "<p>Here is a patch in which put() is not supported (throws an AvroRuntimeException).</p>\n\n<p>We can also explore splitting the GenericRecord interface into getter and setter interfaces.</p>", 
                    "created": "18/Apr/13 21:41", 
                    "id": "13635666", 
                    "self": "https://issues.apache.org/jira/rest/api/2/issue/12642858/comment/13635666", 
                    "updateAuthor": {
                        "active": true, 
                        "avatarUrls": {
                            "16x16": "https://issues.apache.org/jira/secure/useravatar?size=small&ownerId=kryzthov&avatarId=16188", 
                            "48x48": "https://issues.apache.org/jira/secure/useravatar?ownerId=kryzthov&avatarId=16188"
                        }, 
                        "displayName": "Christophe Taton", 
                        "emailAddress": "taton@apache.org", 
                        "name": "kryzthov", 
                        "self": "https://issues.apache.org/jira/rest/api/2/user?username=kryzthov"
                    }, 
                    "updated": "18/Apr/13 21:41"
                }, 
                {
                    "author": {
                        "active": true, 
                        "avatarUrls": {
                            "16x16": "https://issues.apache.org/jira/secure/useravatar?size=small&avatarId=10452", 
                            "48x48": "https://issues.apache.org/jira/secure/useravatar?avatarId=10452"
                        }, 
                        "displayName": "Scott Carey", 
                        "emailAddress": "scottcarey@apache.org", 
                        "name": "scott_carey", 
                        "self": "https://issues.apache.org/jira/rest/api/2/user?username=scott_carey"
                    }, 
                    "body": "<p>I suppose IndexedRecord exists, and this is no different.</p>\n\n<p>The work required for immutable records is some cleanup and performance improvement to the builders (e.g. remove unnecessary boxing), then those need to be used by the DatumReader classes.</p>\n\n<p>There is no timeline, but I want to make sure we avoid making things harder in the future if we can and consider our options.</p>", 
                    "created": "18/Apr/13 21:51", 
                    "id": "13635677", 
                    "self": "https://issues.apache.org/jira/rest/api/2/issue/12642858/comment/13635677", 
                    "updateAuthor": {
                        "active": true, 
                        "avatarUrls": {
                            "16x16": "https://issues.apache.org/jira/secure/useravatar?size=small&avatarId=10452", 
                            "48x48": "https://issues.apache.org/jira/secure/useravatar?avatarId=10452"
                        }, 
                        "displayName": "Scott Carey", 
                        "emailAddress": "scottcarey@apache.org", 
                        "name": "scott_carey", 
                        "self": "https://issues.apache.org/jira/rest/api/2/user?username=scott_carey"
                    }, 
                    "updated": "18/Apr/13 21:51"
                }, 
                {
                    "author": {
                        "active": true, 
                        "avatarUrls": {
                            "16x16": "https://issues.apache.org/jira/secure/useravatar?size=small&avatarId=10452", 
                            "48x48": "https://issues.apache.org/jira/secure/useravatar?avatarId=10452"
                        }, 
                        "displayName": "Doug Cutting", 
                        "emailAddress": "cutting@apache.org", 
                        "name": "cutting", 
                        "self": "https://issues.apache.org/jira/rest/api/2/user?username=cutting"
                    }, 
                    "body": "<p>I don't yet see how implementing set() in SpecificRecordBase now makes implementing immutable records impossible in the future.  If this is called on an immutable record then it should throw an exception, but not on a mutable record.  What am I missing?</p>", 
                    "created": "22/Apr/13 21:05", 
                    "id": "13638384", 
                    "self": "https://issues.apache.org/jira/rest/api/2/issue/12642858/comment/13638384", 
                    "updateAuthor": {
                        "active": true, 
                        "avatarUrls": {
                            "16x16": "https://issues.apache.org/jira/secure/useravatar?size=small&avatarId=10452", 
                            "48x48": "https://issues.apache.org/jira/secure/useravatar?avatarId=10452"
                        }, 
                        "displayName": "Doug Cutting", 
                        "emailAddress": "cutting@apache.org", 
                        "name": "cutting", 
                        "self": "https://issues.apache.org/jira/rest/api/2/user?username=cutting"
                    }, 
                    "updated": "22/Apr/13 21:05"
                }, 
                {
                    "author": {
                        "active": true, 
                        "avatarUrls": {
                            "16x16": "https://issues.apache.org/jira/secure/useravatar?size=small&avatarId=10452", 
                            "48x48": "https://issues.apache.org/jira/secure/useravatar?avatarId=10452"
                        }, 
                        "displayName": "Scott Carey", 
                        "emailAddress": "scottcarey@apache.org", 
                        "name": "scott_carey", 
                        "self": "https://issues.apache.org/jira/rest/api/2/user?username=scott_carey"
                    }, 
                    "body": "<p>I guess only my sense of purity &#8211; an Immutable object that throws an exception on set feels very dirty and a violation of the contract.  At this point, we already have a put() via IndexedRecord interface so I don't see any harm in this.</p>\n", 
                    "created": "22/Apr/13 22:35", 
                    "id": "13638455", 
                    "self": "https://issues.apache.org/jira/rest/api/2/issue/12642858/comment/13638455", 
                    "updateAuthor": {
                        "active": true, 
                        "avatarUrls": {
                            "16x16": "https://issues.apache.org/jira/secure/useravatar?size=small&avatarId=10452", 
                            "48x48": "https://issues.apache.org/jira/secure/useravatar?avatarId=10452"
                        }, 
                        "displayName": "Scott Carey", 
                        "emailAddress": "scottcarey@apache.org", 
                        "name": "scott_carey", 
                        "self": "https://issues.apache.org/jira/rest/api/2/user?username=scott_carey"
                    }, 
                    "updated": "22/Apr/13 22:35"
                }, 
                {
                    "author": {
                        "active": true, 
                        "avatarUrls": {
                            "16x16": "https://issues.apache.org/jira/secure/useravatar?size=small&avatarId=10452", 
                            "48x48": "https://issues.apache.org/jira/secure/useravatar?avatarId=10452"
                        }, 
                        "displayName": "Doug Cutting", 
                        "emailAddress": "cutting@apache.org", 
                        "name": "cutting", 
                        "self": "https://issues.apache.org/jira/rest/api/2/user?username=cutting"
                    }, 
                    "body": "<p>I think we agree.  If we want to improve things for immutability then we might refactor the interfaces, but throwing an exception for mutable records seems like it accomplishes little.  So my vote is for the 101039 version of the patch.</p>", 
                    "created": "22/Apr/13 22:59", 
                    "id": "13638484", 
                    "self": "https://issues.apache.org/jira/rest/api/2/issue/12642858/comment/13638484", 
                    "updateAuthor": {
                        "active": true, 
                        "avatarUrls": {
                            "16x16": "https://issues.apache.org/jira/secure/useravatar?size=small&avatarId=10452", 
                            "48x48": "https://issues.apache.org/jira/secure/useravatar?avatarId=10452"
                        }, 
                        "displayName": "Doug Cutting", 
                        "emailAddress": "cutting@apache.org", 
                        "name": "cutting", 
                        "self": "https://issues.apache.org/jira/rest/api/2/user?username=cutting"
                    }, 
                    "updated": "22/Apr/13 22:59"
                }, 
                {
                    "author": {
                        "active": true, 
                        "avatarUrls": {
                            "16x16": "https://issues.apache.org/jira/secure/useravatar?size=small&avatarId=10452", 
                            "48x48": "https://issues.apache.org/jira/secure/useravatar?avatarId=10452"
                        }, 
                        "displayName": "Scott Carey", 
                        "emailAddress": "scottcarey@apache.org", 
                        "name": "scott_carey", 
                        "self": "https://issues.apache.org/jira/rest/api/2/user?username=scott_carey"
                    }, 
                    "body": "<p>I agree, 101039 seems best.  If we didn't already have IndexedRecord.put(), I might want to split the interfaces up now, but there is no reason to roll that in in this JIRA as is.</p>\n\n<p>Thanks Christophe!</p>\n\n\n<p>Note &#8211; it will probably be slower to serialize a SpecificRecord via its GenericRecord interface, but probably only a little since there is quite a bit of overhead in both at the moment anyway.</p>", 
                    "created": "22/Apr/13 23:09", 
                    "id": "13638491", 
                    "self": "https://issues.apache.org/jira/rest/api/2/issue/12642858/comment/13638491", 
                    "updateAuthor": {
                        "active": true, 
                        "avatarUrls": {
                            "16x16": "https://issues.apache.org/jira/secure/useravatar?size=small&avatarId=10452", 
                            "48x48": "https://issues.apache.org/jira/secure/useravatar?avatarId=10452"
                        }, 
                        "displayName": "Scott Carey", 
                        "emailAddress": "scottcarey@apache.org", 
                        "name": "scott_carey", 
                        "self": "https://issues.apache.org/jira/rest/api/2/user?username=scott_carey"
                    }, 
                    "updated": "22/Apr/13 23:09"
                }, 
                {
                    "author": {
                        "active": true, 
                        "avatarUrls": {
                            "16x16": "https://issues.apache.org/jira/secure/useravatar?size=small&avatarId=10452", 
                            "48x48": "https://issues.apache.org/jira/secure/useravatar?avatarId=10452"
                        }, 
                        "displayName": "Doug Cutting", 
                        "emailAddress": "cutting@apache.org", 
                        "name": "cutting", 
                        "self": "https://issues.apache.org/jira/rest/api/2/user?username=cutting"
                    }, 
                    "body": "<p>I committed this.  Thanks, Christophe!</p>", 
                    "created": "23/Apr/13 18:11", 
                    "id": "13639253", 
                    "self": "https://issues.apache.org/jira/rest/api/2/issue/12642858/comment/13639253", 
                    "updateAuthor": {
                        "active": true, 
                        "avatarUrls": {
                            "16x16": "https://issues.apache.org/jira/secure/useravatar?size=small&avatarId=10452", 
                            "48x48": "https://issues.apache.org/jira/secure/useravatar?avatarId=10452"
                        }, 
                        "displayName": "Doug Cutting", 
                        "emailAddress": "cutting@apache.org", 
                        "name": "cutting", 
                        "self": "https://issues.apache.org/jira/rest/api/2/user?username=cutting"
                    }, 
                    "updated": "23/Apr/13 18:11"
                }, 
                {
                    "author": {
                        "active": true, 
                        "avatarUrls": {
                            "16x16": "https://issues.apache.org/jira/secure/useravatar?size=small&avatarId=10452", 
                            "48x48": "https://issues.apache.org/jira/secure/useravatar?avatarId=10452"
                        }, 
                        "displayName": "Hudson", 
                        "emailAddress": "jira@apache.org", 
                        "name": "hudson", 
                        "self": "https://issues.apache.org/jira/rest/api/2/user?username=hudson"
                    }, 
                    "body": "<p>Integrated in AvroJava #364 (See <a href=\"https://builds.apache.org/job/AvroJava/364/\" class=\"external-link\">https://builds.apache.org/job/AvroJava/364/</a>)<br/>\n    <a href=\"/jira/browse/AVRO-1299\" title=\"SpecificRecordBase implements GenericRecord\"><del>AVRO-1299</del></a>. Java: SpecificRecordBase implements GenericRecord.  Contributed by Christophe Taton. (Revision 1471047)</p>\n\n<p>     Result = SUCCESS<br/>\ncutting : <br/>\nFiles : </p>\n<ul>\n\t<li>/avro/trunk/CHANGES.txt</li>\n\t<li>/avro/trunk/lang/java/avro/src/main/java/org/apache/avro/specific/SpecificRecordBase.java</li>\n\t<li>/avro/trunk/lang/java/avro/src/test/java/org/apache/avro/specific/TestSpecificData.java</li>\n</ul>\n", 
                    "created": "24/Apr/13 01:11", 
                    "id": "13639878", 
                    "self": "https://issues.apache.org/jira/rest/api/2/issue/12642858/comment/13639878", 
                    "updateAuthor": {
                        "active": true, 
                        "avatarUrls": {
                            "16x16": "https://issues.apache.org/jira/secure/useravatar?size=small&avatarId=10452", 
                            "48x48": "https://issues.apache.org/jira/secure/useravatar?avatarId=10452"
                        }, 
                        "displayName": "Hudson", 
                        "emailAddress": "jira@apache.org", 
                        "name": "hudson", 
                        "self": "https://issues.apache.org/jira/rest/api/2/user?username=hudson"
                    }, 
                    "updated": "24/Apr/13 01:11"
                }
            ], 
            "maxResults": 15, 
            "startAt": 0, 
            "total": 15
        }, 
        "created": "17/Apr/13 06:20", 
        "customfield_12310192": "", 
        "customfield_12310230": "", 
        "description": "<p>Code written for generic records should be directly applicable on equivalent specific records.</p>", 
        "environment": "", 
        "resolutiondate": "23/Apr/13 18:11", 
        "timeestimate": null, 
        "timeoriginalestimate": null, 
        "timespent": null, 
        "timetracking": {}, 
        "updated": "24/Apr/13 01:11", 
        "worklog": {
            "maxResults": 0, 
            "startAt": 0, 
            "total": 0, 
            "worklogs": []
        }
    }, 
    "schema": {
        "aggregateprogress": {
            "system": "aggregateprogress", 
            "type": "progress"
        }, 
        "aggregatetimeestimate": {
            "system": "aggregatetimeestimate", 
            "type": "number"
        }, 
        "aggregatetimeoriginalestimate": {
            "system": "aggregatetimeoriginalestimate", 
            "type": "number"
        }, 
        "aggregatetimespent": {
            "system": "aggregatetimespent", 
            "type": "number"
        }, 
        "assignee": {
            "system": "assignee", 
            "type": "user"
        }, 
        "comment": {
            "items": "comment", 
            "system": "comment", 
            "type": "array"
        }, 
        "components": {
            "items": "component", 
            "system": "components", 
            "type": "array"
        }, 
        "created": {
            "system": "created", 
            "type": "datetime"
        }, 
        "customfield_10010": {
            "custom": "com.atlassian.jira.plugin.system.customfieldtypes:importid", 
            "customId": 10010, 
            "type": "number"
        }, 
        "customfield_12310191": {
            "custom": "com.atlassian.jira.plugin.system.customfieldtypes:multicheckboxes", 
            "customId": 12310191, 
            "items": "string", 
            "type": "array"
        }, 
        "customfield_12310192": {
            "custom": "com.atlassian.jira.plugin.system.customfieldtypes:textarea", 
            "customId": 12310192, 
            "type": "string"
        }, 
        "customfield_12310220": {
            "custom": "com.atlassian.jira.ext.charting:firstresponsedate", 
            "customId": 12310220, 
            "items": "string", 
            "type": "array"
        }, 
        "customfield_12310222": {
            "custom": "com.atlassian.jira.ext.charting:timeinstatus", 
            "customId": 12310222, 
            "items": "string", 
            "type": "array"
        }, 
        "customfield_12310230": {
            "custom": "com.atlassian.jira.plugin.system.customfieldtypes:textfield", 
            "customId": 12310230, 
            "type": "string"
        }, 
        "customfield_12310290": {
            "custom": "com.atlassian.jira.plugin.system.customfieldtypes:multicheckboxes", 
            "customId": 12310290, 
            "items": "string", 
            "type": "array"
        }, 
        "customfield_12310291": {
            "custom": "com.atlassian.jira.plugin.system.customfieldtypes:labels", 
            "customId": 12310291, 
            "items": "string", 
            "type": "array"
        }, 
        "customfield_12310300": {
            "custom": "com.pyxis.greenhopper.jira:greenhopper-releasedmultiversionhistory", 
            "customId": 12310300, 
            "type": "version"
        }, 
        "customfield_12310310": {
            "custom": "com.atlassian.jira.toolkit:attachments", 
            "customId": 12310310, 
            "items": "string", 
            "type": "array"
        }, 
        "customfield_12310420": {
            "custom": "com.pyxis.greenhopper.jira:gh-global-rank", 
            "customId": 12310420, 
            "items": "string", 
            "type": "array"
        }, 
        "customfield_12310920": {
            "custom": "com.pyxis.greenhopper.jira:gh-global-rank", 
            "customId": 12310920, 
            "items": "string", 
            "type": "array"
        }, 
        "customfield_12310921": {
            "custom": "com.pyxis.greenhopper.jira:gh-sprint", 
            "customId": 12310921, 
            "items": "string", 
            "type": "array"
        }, 
        "customfield_12311120": {
            "custom": "com.pyxis.greenhopper.jira:gh-epic-link", 
            "customId": 12311120, 
            "items": "string", 
            "type": "array"
        }, 
        "description": {
            "system": "description", 
            "type": "string"
        }, 
        "duedate": {
            "system": "duedate", 
            "type": "date"
        }, 
        "environment": {
            "system": "environment", 
            "type": "string"
        }, 
        "fixVersions": {
            "items": "version", 
            "system": "fixVersions", 
            "type": "array"
        }, 
        "issuelinks": {
            "items": "issuelinks", 
            "system": "issuelinks", 
            "type": "array"
        }, 
        "issuetype": {
            "system": "issuetype", 
            "type": "issuetype"
        }, 
        "labels": {
            "items": "string", 
            "system": "labels", 
            "type": "array"
        }, 
        "lastViewed": {
            "system": "lastViewed", 
            "type": "datetime"
        }, 
        "priority": {
            "system": "priority", 
            "type": "priority"
        }, 
        "progress": {
            "system": "progress", 
            "type": "progress"
        }, 
        "project": {
            "system": "project", 
            "type": "project"
        }, 
        "reporter": {
            "system": "reporter", 
            "type": "user"
        }, 
        "resolution": {
            "system": "resolution", 
            "type": "resolution"
        }, 
        "resolutiondate": {
            "system": "resolutiondate", 
            "type": "datetime"
        }, 
        "status": {
            "system": "status", 
            "type": "status"
        }, 
        "subtasks": {
            "items": "issuelinks", 
            "system": "subtasks", 
            "type": "array"
        }, 
        "summary": {
            "system": "summary", 
            "type": "string"
        }, 
        "timeestimate": {
            "system": "timeestimate", 
            "type": "number"
        }, 
        "timeoriginalestimate": {
            "system": "timeoriginalestimate", 
            "type": "number"
        }, 
        "timespent": {
            "system": "timespent", 
            "type": "number"
        }, 
        "timetracking": {
            "system": "timetracking", 
            "type": "timetracking"
        }, 
        "updated": {
            "system": "updated", 
            "type": "datetime"
        }, 
        "versions": {
            "items": "version", 
            "system": "versions", 
            "type": "array"
        }, 
        "votes": {
            "items": "votes", 
            "system": "votes", 
            "type": "array"
        }, 
        "watches": {
            "items": "watches", 
            "system": "watches", 
            "type": "array"
        }, 
        "worklog": {
            "items": "worklog", 
            "system": "worklog", 
            "type": "array"
        }, 
        "workratio": {
            "system": "workratio", 
            "type": "number"
        }
    }, 
    "self": "https://issues.apache.org/jira/rest/api/2/issue/12642858", 
    "transitions": []
}
